title,date,link,source,sentiment
LIVE: World leaders adopt pivotal UN Pact for the Future - UN News,2024-09-22 07:00:00,https://news.google.com/rss/articles/CBMiV0FVX3lxTE5VRWZWTGpxdU1FNlZrVWRpcnk2VXFVRGVCbXlKXzJNSzAzc25PakI0QWtQWmUzTDJfTFlNLWRoS2MxWDFKOTBHZm9hTlNTeEJEemNJZXVqNA?oc=5&hl=en-US&gl=US&ceid=US:en,UN News,0.1779
Climate change indicators reached record levels in 2023: WMO - World Meteorological Organization WMO,2024-03-19 07:00:00,https://news.google.com/rss/articles/CBMilAFBVV95cUxPdDRvSXQ5dHlCYVB2QXJkMmljaTkwTG5KQzdhdkNJMzJ3LXhmellIN25LY1BGVXUzWFRTSXVrQ1B4d3pYbXl1MHBIeEkyQXdtM3Rpd3k5VjNYRkhFN3l3VkRPbEYzeHc0S21faXMwbzc3TjNObVg4d1ZEQWlYbTUtZWpxQ244b3R6T1U0MVZBLTh4UkxW?oc=5&hl=en-US&gl=US&ceid=US:en,World Meteorological Organization WMO,0.1027
WHO Director-General declares mpox outbreak a public health emergency of international concern - World Health Organization (WHO),2024-08-14 07:00:00,https://news.google.com/rss/articles/CBMi0AFBVV95cUxOeXNNQmVEaFYxSTc4OUJuaWpRU0UyNGl0WVhxZF8tMXFVRkl6ZEFneWhYM2dVRGdmcmNmdUUxcmJnVFRJZ2VvYlVWZXAyemJOQzJIcDk2eC0wbzZoUmRwT1N3SGpTWHdfaGo0LWZQUGYxTFlaLVAtRHo5anFlZzdrVi1EQkpnNlg2QnlnYzNMVVMwUXlmY2JHREUwbVl3emxmM1dhTjBROXdKSWhTallQZkNySENiNmdVclp5VmhBRUd6ZFE0cTdneWJiUGg5blNE?oc=5&hl=en-US&gl=US&ceid=US:en,World Health Organization (WHO),-0.3818
Tobacco in the tabloids: How the Weekly World News covered smoking for laughs—and the National Enquirer wouldn’t cover it at all - The Cancer Letter,2024-04-19 07:00:00,https://news.google.com/rss/articles/CBMiYkFVX3lxTFBhQTZ5TlE3QnlWQXpIcDRqYnhXbkZIclRwa2VHR0p5VjJrS1ZwY2toYW00TlhSYnEtV0RSWkt5Zk9HV1p4cTVOckc1V05fYlp1NVduQl8zdklqaXdwZFc0ZVJR?oc=5&hl=en-US&gl=US&ceid=US:en,The Cancer Letter,-0.6597
FAU Jumps in U.S. News & World Report’s 2025 List of Top Universities - Florida Atlantic University,2024-09-24 07:00:00,https://news.google.com/rss/articles/CBMicEFVX3lxTE9uT25NS2poLU8talk2Ti1wMllyRDhqSjByMGNJUnZqNXFVWWZiN3RBNmx3Rm5LYkRRb1hyb3hlc1dNck93M0FpRUxmWlVvRnJmaHZ6X2JxZ2huQ2Z5a0VPWkZuME1kUmdIRzBldEZDUTk?oc=5&hl=en-US&gl=US&ceid=US:en,Florida Atlantic University,0.2023
2025 U.S. News & World Report rankings highlight UTSA’s national impact - The University of Texas at San Antonio,2024-10-02 07:00:00,https://news.google.com/rss/articles/CBMiowFBVV95cUxPcWpMbFVqTnhGaXd0eXZiYmNrc1VzdkNpWllxb0NTQ3RxWGtHLXh2UWROYnNfanQzMUp2MEZpSjhtckZQY1Roc3FwNGU3b2dEUVdBa0tldl81aFk3ckpIekg4QV9VNHBpMkJ1NmZCOGNycG4xV2Nuc3kzbmpIb2FKb2ZRaEN2ZGJNMTYyMGhOMFFZSGVpYldscEEtUjZmWHUxWGRJ?oc=5&hl=en-US&gl=US&ceid=US:en,The University of Texas at San Antonio,0.34
News in Brief: UVA Swimmers Break Four More World Records - UVA Today,2024-12-11 08:00:00,https://news.google.com/rss/articles/CBMikAFBVV95cUxNTDA2eDhDc0lKNU4xcnBwWkh3blJTWklSTHlJa1lQMXJiM2JWZmtRSzIzSHhwVDNfa0V3WFh3amVEbDNiRTRjdFVHYlR6bU1zb2tZdktyQzR1RjR0SWtwamdVczQ5U3pQenpUSHAyUmloNXVzeWxjbC1wOXZkMW9IWVc0MGpKSzVDR1BWb3psQ1E?oc=5&hl=en-US&gl=US&ceid=US:en,UVA Today,0.0
How World War I helps explain what gave rise to Trump’s second term - Berkeley News,2024-11-13 08:00:00,https://news.google.com/rss/articles/CBMipwFBVV95cUxNUTdxRkI1amotNHZndjhhQkpFMWdpMTNSSHFBMlhlTS1wcjU4QnkyWWx4Uzh4RzVTMnVOTEpvbW44QkN3dkphUUVfcVlqTzdpcDFOLUM5bXE5TzRaVEJmeUFjMzUxa3VUM0UzYmRQeDJyYUFqa3ZvUndqcFlpYzVxbUY2b3FVNE5QSGtsNzB1NzZxRTlGUDhzTFZxZXVDZmNSbXk4OU5qUQ?oc=5&hl=en-US&gl=US&ceid=US:en,Berkeley News,-0.3182
Aeternum Update 1.1.3 - newworld.com,2024-11-18 08:00:00,https://news.google.com/rss/articles/CBMiaEFVX3lxTE5JRU1VT0dQX0tJY09KeGEtRnhmbFh4Nlp5T2RsWU10NE9tRTVsZGJHRnBRUzVmZlBWX0o2T0ZlR2xhMnVqYlN2Z2tnUmRuWjB4ekFSMVdHOTNxZG1XRmxFbERlUDF5S0d6?oc=5&hl=en-US&gl=US&ceid=US:en,newworld.com,0.0
AI has an environmental problem. Here’s what the world can do about that. - UNEP - UN Environment Programme,2024-09-21 07:00:00,https://news.google.com/rss/articles/CBMipAFBVV95cUxNekZGMXl6Z3B4aUM0T0M3aWFUZXJEMVBSSV8yamUxX2tycjdLOWpoRXhqOUtCb3pFSl9hc1dfSTdTTzVuZHY3dEFiNzhrV3RReFQ2TTR6TnJxbzVSck1LZDQ4U2Z5ZkNQM2JxQXJBVEpTNExZc0VPeDZwejB4OV9INnlYUGZYUVZCOFFLc0lvYXpZeHQ3NnlNMGtTZnRqUTByQXY0eA?oc=5&hl=en-US&gl=US&ceid=US:en,UNEP - UN Environment Programme,-0.4019
The official news source of the worldwide Bahá’í community - Bahá’í World News Service,2024-12-27 08:00:00,https://news.google.com/rss/articles/CBMidEFVX3lxTFAwaWVRaHdySmhCRjZBTVc0UlA0R0VROVcyRmNWVzZ3X2R5NFk4YlVYM3VlWV9ielZJc0VoSkxCcnBOcWxqSzRyR3hfYVd3VDRIY3VFdjBSN0JTOF9hM1dNUTh5bHA1eWZXSlc1NVBtMTJtWmho?oc=5&hl=en-US&gl=US&ceid=US:en,Bahá’í World News Service,0.0
U.S. News & World Report Names Three Kettering Health Medical Centers as High Performing for Maternity Care - Kettering Health,2024-12-10 08:00:00,https://news.google.com/rss/articles/CBMizgFBVV95cUxNSUR2SHFYR3drcHBuRWluU1BaSlpHaV91Q2poZXFXaWo4cEtLMl8tT3Boa0cyM2hRWTBFbkRHYk56aG1vN3ZndmgxUFAxdkpKTnkza2NtNXhuVktQSWVUblY1RUhWRENfd3ZSMlFPZldxcTNFRlhaaEJwaDF2bWM1cWZlX2MtREJLQk9OTXg2R0JnbFBUVG5aXzMxM0ZaUkUzbm92UVIzUnIyaVF4RXJYOE1tQTNxM1BWZE5WQUN3OExUU0txOHJZNEh6ejdhUQ?oc=5&hl=en-US&gl=US&ceid=US:en,Kettering Health,0.4939
"‘World News Tonight With David Muir’ Is #1 Newscast on All of U.S. Television, Ranking #1 in Total Viewers, Adults 25–54 and Adults 18–49 - dgepress.com",2024-04-16 07:00:00,https://news.google.com/rss/articles/CBMiiAJBVV95cUxQQmt4UUxGejJKSjVhbzFXNmI4WDEyQWNPSlhEVVBjVGllc1VkR1c4RXJ4SUFMazdlMGo4a2FXRS1wZjJ1MTlLWXlfbmgzSXV4WS1rNFZCTm1hd0w5NW5uLXhKeldBQXd6MzNKZ1dvcS10UGQtV05xSV9ZOGpQZF9DTHN0QTEtdjBOSGhUSm42eGx6NDR3amxSa0s0MjBlSVp3RmxwdkVlZUh5bHVwaUU5Wm9pOUhKeTlDMFpyT2RTdVRkNHZ5cHpEeTgzWGdwZVJCdHVEdWltRHgzbkMwUml4bE53Mk5SRi0yRzFsWkh4azA5NjdUWWU3cFBKazBGUkR0Zkk3aDJ1MTI?oc=5&hl=en-US&gl=US&ceid=US:en,dgepress.com,0.0
Global temperature is likely to exceed 1.5°C above pre-industrial level temporarily in next 5 years - World Meteorological Organization WMO,2024-06-05 07:00:00,https://news.google.com/rss/articles/CBMiwwFBVV95cUxNN2V5MDhOX1NKRmdVN25IVFNTTDlUQWNNRGJGMGljQXpYY1c4M1BpS2k3eFFtYThVMHd5UkRlWHdZZ1VFWlcyR3oyeU9udmhCQmNNSVRlZ0RLVS1XTER6VmcyODM3TnJpeXVoaWlXbElYOXNiNDB3T1RWVEZNd1JYQ1RwbU12LUt2dkdITmh0R3MtQUJYVjl2TGlCOW5rX2RxV0FwQ1Jsb3JEUFlqUThHVGlMQmU1azhxLUx0Z2IzeDVUV3c?oc=5&hl=en-US&gl=US&ceid=US:en,World Meteorological Organization WMO,0.0
Measles - World Health Organization (WHO),2024-11-14 08:00:00,https://news.google.com/rss/articles/CBMiZ0FVX3lxTE5CSm90Nlo1aVhLczFhQ3MwSV80amFZNzd4WWZBbHFqbllGaXJ1S3psNFZ5YkxwbVB5bG93bTY5bnc1SEFaOTRtekd3ZVlmYXltT2lvYjRqbTNyc2VBYnE0WTkyYXpUT0k?oc=5&hl=en-US&gl=US&ceid=US:en,World Health Organization (WHO),0.0
WORLD FOOD DAY LIVE: Finding solutions to global hunger - UN News,2024-10-16 07:00:00,https://news.google.com/rss/articles/CBMiV0FVX3lxTE0yR0ZBdEkzemhGdkVTeklHcmJidzQxZlpxdEV5WERJdzFXSGpITTBkTUdOR3EwOHJQWjVEZjlTbHZCQm9UWWZWWVhLVTdySEtBaUZmYXhSRQ?oc=5&hl=en-US&gl=US&ceid=US:en,UN News,-0.0772
Mpox - World Health Organization (WHO),2024-08-26 07:00:00,https://news.google.com/rss/articles/CBMiY0FVX3lxTE9BQlBXU2Iyd2xvc1F5QWJIN0tCQnlqWmJnTkZpb1V4bGtMd3prU3M2V2ltU3hDQURDSTlmYmo3ZmVCcld0NFo0MmJ4N2hSUWtyQTFhYWR3SDc4aHpRYTN0a2Nwdw?oc=5&hl=en-US&gl=US&ceid=US:en,World Health Organization (WHO),0.0
2024 is on track to be hottest year on record as warming temporarily hits 1.5°C - World Meteorological Organization WMO,2024-11-11 08:00:00,https://news.google.com/rss/articles/CBMioAFBVV95cUxOT2x1bXBKMERFZ3hZOTl0ek1sc19qaXh1bHlMX2NaVUJGa1dpR3VKLUxtcVRCX0RFYUxJaXJKOGN4dVJNMWJWbFVkT1NoU3RKSUJoemZTLXpURjdiOXNHUkV4QzNtT09YSWF4YUtHSW1uNklMUUZYRjlqSS10ejhTbGZaVVRsSEZPQzRIbFNOa0t0WnpWVHRqMDhJaktjdUNT?oc=5&hl=en-US&gl=US&ceid=US:en,World Meteorological Organization WMO,0.1531
Climate change and extreme weather impacts hit Asia hard - World Meteorological Organization WMO,2024-04-23 07:00:00,https://news.google.com/rss/articles/CBMilAFBVV95cUxPVWZhWXNxT1JtZmRtODBvTHVHSDhXcXp1cWY2RnpBWVpwN2VUUXdNZzM4em5ERXhZM0V0MVc2Vmx6WGtjMDgyRjNwR1NyenQ0RzRfVHBDeEx5SUpBemxRY2xxSEJzZGVzUzkxdEtLVm9iOGlyRG9fYTFZblE5Q0loTWR3S3FEQmpyU3hfRGFLZURkcjVj?oc=5&hl=en-US&gl=US&ceid=US:en,World Meteorological Organization WMO,-0.1027
The top 10 causes of death - World Health Organization (WHO),2024-08-07 07:00:00,https://news.google.com/rss/articles/CBMigAFBVV95cUxNV2ZhUzZoV1hJTnI5NVdpMjU0Q195Rk1iMy1SQmxxeGE0TTBwWjg3dGY4VzhMNW82VUJjQjh1UTV1TDZCSFR1UmpUWFVSMEgzTEQ0dWxiTmJ5MHhkYk1VSHZTeU54NTVPYzh6NndpUUhSNzBjYzJ3bk15NkF3MFRmUg?oc=5&hl=en-US&gl=US&ceid=US:en,World Health Organization (WHO),-0.4767
Made in America: 'World News Tonight' celebrates small businesses from coast to coast - ABC News,2024-12-20 08:00:00,https://news.google.com/rss/articles/CBMipwFBVV95cUxPb0dIVnV6RGUzMVRzbzJCX3Q1WVBFYTZtQ1NLbXk5d2d1MHZuR2VaeXhPMDFFSURwUUVFQUFyLUlBeWhXTlpmSG5JYzljX1VRUXd4c2xqOUVLUlVweVhOVUhyWXM4QjJJNkFvQW5XN2pYWEZhU0lXVHpzekpHNjFnX3d2NjhWakFnSEFiZ0pBd0lCMmhtdnU3Qi11OTRDM193azNWeWlOWdIBrAFBVV95cUxQNzB1bnhsdDRXRUtCMnJMTTJGUGVaTHJPTHdmcGJxZ1pLSEVaeFJmMXZ5VVZoTkF0d3UxYmx3TmVPOERGU0NLZWZocldxMTl5YVhnMWRVb1VNVjFfTGNVaDJ4cHlKY2RlRm4zZUh5ZGJDUGw3NGwtUlVCX2EzRlVvT1YxQm5CQmQ5TXZYUEZxOHFvUFFSaDdKRnl3LTlYWHRMVm1sN0lNb29pekx1?oc=5&hl=en-US&gl=US&ceid=US:en,ABC News,0.5719
Three Penn State Health hospitals named among nation’s best by U.S. News & World Report - Penn State Health News,2024-07-17 07:00:00,https://news.google.com/rss/articles/CBMiwgFBVV95cUxNWmFSNGtXemF1ZjYzMmpyN0J1Z3pYVnBzVEg0M0w5VUZsdDdTNDhxRmE4SjBqR0duQ3NrMGZKS09jYmp0cHRCN0U3UW5rT3RnVGRxT01VNWJTWm54MGNsdzFGNmVJS1RLM3NWcU4xZ2tPcVl5aDhwcmp5X2pQaEw2clhyYzVyV3J0WnlmdWtlRG5od29xcHlNNGNWeUxCemlvWTVKZGVqR0dOM0ZsbDFBYVZLUHhsWkpzQlNaVE9rVHBNZw?oc=5&hl=en-US&gl=US&ceid=US:en,Penn State Health News,0.6369
Record-breaking temperatures continue in August - World Meteorological Organization WMO,2024-09-13 07:00:00,https://news.google.com/rss/articles/CBMie0FVX3lxTE9zaWlrRVVYdDJGUlRTazN3dHdPRmJ6Y0NwWHpfNHRtNmt6U3pkUDFFbVlNUmhvdWtHZ0tiS1lMRC1iNTNCYWtXYTdWTWtqdks4SFpmZmdRTks2VmtkbVRLTFVacFFNaWdOci12RlJxcDVIdzh4MzhuOVA1QQ?oc=5&hl=en-US&gl=US&ceid=US:en,World Meteorological Organization WMO,0.0
Ageing and health - World Health Organization (WHO),2024-10-01 07:00:00,https://news.google.com/rss/articles/CBMidEFVX3lxTFBGQ093RDFZdUxPSGoxbHNZdHJvUF9aSjN6dUNnRmNWUGpwaUswemNqVWpFMjB4OEF6Q1huWkZvVzBWSlQ1RUg4OFREYTZQNng4d21BQndYRi1OenJUQmx3Rkt1Mm9HNWhxTExtZXRJSjJWdGFH?oc=5&hl=en-US&gl=US&ceid=US:en,World Health Organization (WHO),0.0
"For second year in a row, Purdue ranked among top 50 undergraduate colleges in America by U.S. News & World Report - Purdue University",2024-09-24 07:00:00,https://news.google.com/rss/articles/CBMi5AFBVV95cUxOeHNRbFkzOUl6WHBPX0JIZlZEbG9GWmZ2VWlvc0pvTVItQ2pmc2MxTERmMjluR21lTjlSQUxFVlZhRHlPckwzRXlVQ3k1REp1VkhRWVNlQTVlS1RWRDdKcnVlT29zOU42SHV0Y09mbjhLUzVBY2VoQW84Q0cycVN6VXFQQXFGOG1uUlVBcTNZVGpieXNzZTh1NE1xN0gwaVN5YVpXRVpLcm9UNl9lRWVVUkU5NTBVVG9KMzMtY1ptR2paV1N4WFRyOXliRGUybHdpWEhzXzllTUVUSkw0MFpuYks1bUQ?oc=5&hl=en-US&gl=US&ceid=US:en,Purdue University,0.2023
UMaine’s new 3D printer smashes former Guinness World Record to advance the next generation of advanced manufacturing - The University of Maine,2024-04-23 07:00:00,https://news.google.com/rss/articles/CBMi7gFBVV95cUxNckVhNERFcC1hTjgxUHBKdWZ3QlJjV01jQU1sdENGZk9xRW9VS2ZNZlZVQ1JkbFpHUXpoeHM1ckdBSm1Zc1ZIbUJNU3B5dU5Md3l0ZE9nWmgwT0w3UTRFNDVTd2ZJSU45UmFaUWFUYXlkeGRKR3JEaDlESnhMQ2lhNElKYmZBSy02MGRpM29ZRVZ6Uzd6OFVEWEpKUGY2Sk9kV3M1bGloMXloZUNORnVGbzZja1F5MnNvN25YLWw0Q3BHVEtLZ3NBaVdPb2o5WDNBR2dmd05GQzdQc1c1cFZJQmh5eWlCcTlsdkhjOEhR?oc=5&hl=en-US&gl=US&ceid=US:en,The University of Maine,0.25
Diabetes - World Health Organization (WHO),2024-11-14 08:00:00,https://news.google.com/rss/articles/CBMiaEFVX3lxTE84aUtUTW1DOTdiR2tqMkMyX0drZmV0MGVHZTlHRUo3dFRyQ0lkVXZQZXcyejRPUWYzU0IzMHpBMk92dGRHaTNXSHpBbE05dWd6TFA2R196OU1GSWM5UjY2LXUtQ1pzQjBu?oc=5&hl=en-US&gl=US&ceid=US:en,World Health Organization (WHO),0.0
"World News in Brief: Mpox update, Haiti violence, deadly strikes in Ukraine, Pakistan attack condemned - UN News",2024-11-22 08:00:00,https://news.google.com/rss/articles/CBMiV0FVX3lxTE9KNmY5UUhnSmh6R0tONjZzdjM3RUJKcGFLWTNQMlVtQjVsSDE1V0pGWnJ1eUdnYUNWblh5SVhFa2lVLThZOF9IcmF6NTFzUENmMlppc3lTcw?oc=5&hl=en-US&gl=US&ceid=US:en,UN News,-0.9118
"Vicious circle of climate change, wildfires and air pollution has major impacts - World Meteorological Organization WMO",2024-09-05 07:00:00,https://news.google.com/rss/articles/CBMisgFBVV95cUxObFJKUXBTUXdoSU15NGxFbVhzOVVPMHV2Nl9ibVU2Q2pkallZR3dTWkhidGhFa085bklBUUNsYV9ib3dodmo0TEtiaUhiMnBPXzllbUlWdUF6RW9PcTRwdTMtVGE5NlpaakpsYUtzN0VhTTM4QnpISG5naVZVc2RNTkNQRTh4YmZubHFqRmJkUlpXV1NiUGlZSnlJTkVyamJWa1J0Z2ZXYTZfOGJyTkVhRlR3?oc=5&hl=en-US&gl=US&ceid=US:en,World Meteorological Organization WMO,-0.3612
Cervical cancer - World Health Organization (WHO),2024-03-05 08:00:00,https://news.google.com/rss/articles/CBMickFVX3lxTE5YbGwxRnppT1RaNDdubnJjdHVudGV4b0tQMTRYQzF4VkhEbldzZTMzY0U1YTRQdWg1V1F3UVdZd1g5OXd4TXBzUndMZ19lRDlqTV9NQmtUVDRjaFJfcERtN1Eyb212bFh6S1JvRWtYQ250QQ?oc=5&hl=en-US&gl=US&ceid=US:en,World Health Organization (WHO),-0.6597
ABC News - dgepress.com,2024-11-12 08:00:00,https://news.google.com/rss/articles/CBMivgJBVV95cUxPbEZTUXhYaVVDaUkybFhuTFhhQ2pTWnNTOHNFd3U1TjdlYUtPWTRKbGlMVVI3WE8zb0kwTC1CNGpqZFZJR0s3akJZZGI2dXlWN1lXRXFxS1hOd0tiQ2ZkeFZObjRJUzJwdUxfQzY1cnlEREhHTHFXeHJDWGN3OVBSZzNlZFFzalI1TmNNQ2YyNVJoZlo2SklkV2REbFFVUHZrZ0xsQ2xkcVVuV1BKRnIyNmMzWWR0SFkzamlXQzVfby1tWTBXVlA3Zl9CT3ppMEtjUzE4U3BlSU1USl80WmxzM2pYVjZSODZzUTdIeTRtdEtrTFY0dXJWMVIydEU3ZlBrdWdvNTlNYnAzN1R2ekJyVUxEczhDM2RDbURuVldLdGdMM1Q3bmxoTDVmOU5pcWh2V2hGbk5LYjUyR2JwcEE?oc=5&hl=en-US&gl=US&ceid=US:en,dgepress.com,0.0
Physical activity - World Health Organization (WHO),2024-06-26 07:00:00,https://news.google.com/rss/articles/CBMidEFVX3lxTE5WX1VCWGY4ZEw5a2xKMXFpcmFqeWluekJILTVhUkpXNURyTlBUOWRMLXpzSnp0WWhCNjA5ZHlBM3JGZy1GdUN5NHY4TmNMdF9yQmJ1RnpUV2tZVlQ0T0JSREdJWHRkQWR4dXFyenpSUGhsUUw2?oc=5&hl=en-US&gl=US&ceid=US:en,World Health Organization (WHO),0.0
July sets new temperature records - World Meteorological Organization WMO,2024-08-13 07:00:00,https://news.google.com/rss/articles/CBMibEFVX3lxTE9hWDFpT1pjMUVWeTBwbkJHMGxwZXBTdkI0RXA0WnEyNUJpa1ZkOUtnOHkzamRwSDY5a2JzR3A2TmpWbFJrbldEaHlMcE15Ri1YbmxXNkJYQkM3bERZNjlTV2MyeWdiSUZUMjZPYg?oc=5&hl=en-US&gl=US&ceid=US:en,World Meteorological Organization WMO,0.0
Mental health of adolescents - World Health Organization (WHO),2024-10-10 07:00:00,https://news.google.com/rss/articles/CBMifkFVX3lxTE9xM1FEZ1N0dUkyYjlqZUJsWjFBNW5tdU4zdHRRWWVzcmhIa25FSzU5QWtZbjE3enlHdDVobS1tOWJ5V3JTU1NDQTBKLW4wMnFLdjY4MVBvQ2Z3M2pwS19nSS16M1BoZVp0UmF4V0pkamQ5cTU3VnBocFN2OW1wQQ?oc=5&hl=en-US&gl=US&ceid=US:en,World Health Organization (WHO),0.0
U.S. News & World Report Again Ranks Brooklyn College Among Best - Brooklyn College,2024-09-25 07:00:00,https://news.google.com/rss/articles/CBMiqgFBVV95cUxQdDZmbjhMNXpNems0WTdscU9laTFhTVVDV2Y1WWcwaU1KcGg3THQ4N0ZXdHVjUmprSkJhMURGeEFTYUpkZmJBV295MW42R2tiSWJQaW9IaU1KYjhHcjkwbVVHN3pWTkdkeFZsckdQb0RQQ1BDUjVSd1lCWEhzdEp6Zy0zRUkzZmJBdkl5V3pNT3Jla214QUp6Y2ZhUE5JNWhqb3N5V0FHb3ZzZw?oc=5&hl=en-US&gl=US&ceid=US:en,Brooklyn College,0.6369
Global immunization efforts have saved at least 154 million lives over the past 50 years - World Health Organization (WHO),2024-04-24 07:00:00,https://news.google.com/rss/articles/CBMiyAFBVV95cUxOcU5zT1JLdjU0M1JwUmhyejVQQTA3d1oyNkpxTHFXLXBTVjZVMHM4SnpCNVBORXQ5NWhLdXI1NVhodkU1RHRIUllDeUdGYUlxeTIyVWJYZjZUZEE4bExQT3B3cFZXQVBJS1gwMXRhWThOZUJiNW80VmljQVhqMzd4YVpkanJRMlIzYUNoOVBuSnV4UEI0UmR1R0k5UTgwc3VRLTR3bE9vbG1SM1JuZWVOT2xmc3lxZGxSRTczRFV3TjNYZk9sRXFnbw?oc=5&hl=en-US&gl=US&ceid=US:en,World Health Organization (WHO),0.4215
Alcohol - World Health Organization (WHO),2024-06-28 07:00:00,https://news.google.com/rss/articles/CBMiZ0FVX3lxTFBCN3hwN0FVaUV4TzdEcHBCQmhzeko0ajAySDZpSjFJaXctRkNIRTZFZ0RDRnhjQWdsR08weWZ3U0RBa3hzeFc0WUlPbUdocEI3dUZDZUE1T2hDeDBtNUo1NmtYclJVaWM?oc=5&hl=en-US&gl=US&ceid=US:en,World Health Organization (WHO),0.0
Rabies - World Health Organization (WHO),2024-06-05 07:00:00,https://news.google.com/rss/articles/CBMiZkFVX3lxTE1qS2ptMWhNWC00ZW1nY3VyY1NpNElRZTBiSi1TZzNWZmRTNE1wdWR4cGNhcWlTbFI0RFhMeDY4SnpsZGJMQzYwa0JZMEVpcDJ4cGpfWk9NbzBYOVBVZHE3UUEzZ1ByUQ?oc=5&hl=en-US&gl=US&ceid=US:en,World Health Organization (WHO),0.0
"World News in Brief: Myanmar violence intensifies, praise for Brazil refugee response, Baháí detainees in Yemen - UN News",2024-05-20 07:00:00,https://news.google.com/rss/articles/CBMiV0FVX3lxTE9xYlotUmRqSVFDWXpxbGxhV1NoT2xRaS00Q3l1a0lMaXNFUEt0ZmxuYzFxS1hNWmdHQnZFdlZUcWxseV8za1FrRFlLTTVCV0V5S3E2UXdMUQ?oc=5&hl=en-US&gl=US&ceid=US:en,UN News,-0.128
U.S. News & World Report names Alvernia a top-ranked national university for third consecutive year - Alvernia University,2024-09-24 07:00:00,https://news.google.com/rss/articles/CBMixgFBVV95cUxPalBKamJjVHJmMGxGQ0h1Y0g0bXFCWGFHVVVQOVY0UEdmeE0tWEpvUzNReWVabkoycEt1QW42NVlJUlRFZjhZTVVQLWZPT3JlWWVjRVIwc1llMXg5eFBIckFLQVRwblFZNURJaS1GNkszdzFVbVpUeHFta29jUWNiUHhndGxCZzdwT0xyVDEtOV9MZ0xCRXhIODdDYmxIWW4wQUxGenhJVzBrcHRrc3dSZ3VJYXR1NmdrZkxocl9lVEJWa3R1cEE?oc=5&hl=en-US&gl=US&ceid=US:en,Alvernia University,0.0
Child maltreatment - World Health Organization (WHO),2024-11-05 08:00:00,https://news.google.com/rss/articles/CBMidkFVX3lxTE84NzUyZ1R4WDNfTmhybUw0WV9sQi1aeWJZM0tseGVGaUFTTk94T1FYRTdfSl96bXZmcE1fc25OUm9La1paOTJmNmJaMVozTDJTa0FocTlOUkcza09EaURVS0NyUVAwWTFlUUtkdlJIRUZGbFJmenc?oc=5&hl=en-US&gl=US&ceid=US:en,World Health Organization (WHO),0.0
Ambient (outdoor) air pollution - World Health Organization (WHO),2024-10-24 07:00:00,https://news.google.com/rss/articles/CBMikwFBVV95cUxNVU5lQzV4aXRqSnhQZmVIQ0NwUjJ6SVF6VTh4YkN0X1lzRW9YemxHbnRnZVRGRDcxczdlaGlpY1g2NjJ0QXdBX2MwLU1DbmZCRDZEOGtKbElaUlFfaVFGQmpCN0x2bjhXXy1LNTA5d3pqM0hjRmRibnZrVk9nUUd6T0tZSWxyWW1TMGtYTzd1V0cwTUU?oc=5&hl=en-US&gl=US&ceid=US:en,World Health Organization (WHO),0.0
Universities can expect a frontal attack if Trump returns - University World News,2024-10-30 07:00:00,https://news.google.com/rss/articles/CBMid0FVX3lxTE9PMXQ1SUJVN3lQMlI4ZmJSeU9oWVJnUjZKamVGNDdoLTJOdlJTQ3lLbWIwZU1fLWNXOEFKLTZJbTBRZGxvU014enl6UE5yUUMtRFYzQnlZV25kSk5mbTh2TGdWdGVQYmwyQk8xVFpvem43TnVCZnNr?oc=5&hl=en-US&gl=US&ceid=US:en,University World News,-0.4767
"World News in Brief: Haiti support continues, deadly Afghan mine blasts, autism awareness day - UN News",2024-04-01 07:00:00,https://news.google.com/rss/articles/CBMiV0FVX3lxTE5MWHRXMVpTdGFEYUYwR21PTl90LTI4dXdhTmZwMlZtNy04SUlYeW9qQV9xb3c2c19LM0drdXU1TURiZUxOUmtJRTM2Ylg3T1NRY2lQUnZ6OA?oc=5&hl=en-US&gl=US&ceid=US:en,UN News,0.4019
2025 College Rankings: Montclair Continues to Rise in U.S. News & World Report Best Colleges - Montclair State University,2024-09-24 07:00:00,https://news.google.com/rss/articles/CBMi0wFBVV95cUxOemZjMGZkdVJYeGMzNTlWNHlMY2VWamNnak5mX0FFV2w3TlhSN3NoQ0ZHUDlhT3lybjFTWlgtcjc3YzFwU25yT3BiMHJhVTNZTkVXZ01QZXU1b2QtaUhVX0w4cUVJY3VrR3FCeHNQTUw1RnZqMzFobUtaajJwbnNLS2lIZVAwZXA3M3RJbG1lYU1wNlk3eTN3N3FPM1BvNTJCdU5oOXNsc2ZvdzdCU3BvbWxYM21ZaERjb0hzTFJPVXR6cDdoUjBMcDFnRXZIbXNPQk5r?oc=5&hl=en-US&gl=US&ceid=US:en,Montclair State University,0.6369
"World News in Brief: Rights abuses in Ethiopia must end, El Fasher crisis update, UN stands with Niger - UN News",2024-06-14 07:00:00,https://news.google.com/rss/articles/CBMiV0FVX3lxTFBLR1VRVWt3TG1MZVV3TXVDR1c1VzA1b3NsdTYwYXZwSEdBLVgtY2lub3hCQVlHRmZYQ2RMSmc3dFJfVUNkSVBtdHZqZlNUQ1d1T05RLTFmUQ?oc=5&hl=en-US&gl=US&ceid=US:en,UN News,-0.8271
Feast for the Future - From New World to the Real World - News | Official New World: Aeternum Website - newworld.com,2024-10-04 07:00:00,https://news.google.com/rss/articles/CBMinwFBVV95cUxNaENyQXdXRHdIUDI5am45RWpUVWNpYnk3U1VMV2JYbVRvbXRxWHJkYmtDZW5odXZKZVlWeGtYRzhkYjFqRHlLOWFXTmFULWZnT3pwb1hYVF92LXgybHlGX0tHS05RNzRLcU50Y1ZicEpOR0hkUE1OSlhlVnBnWkV6NjJBVmZDTi1VQkVCaGEycXc4Uzh4YW1HMVlRSXpJY2s?oc=5&hl=en-US&gl=US&ceid=US:en,newworld.com,0.0
Nearly 1.8 billion adults at risk of disease from not doing enough physical activity - World Health Organization (WHO),2024-06-26 07:00:00,https://news.google.com/rss/articles/CBMiwwFBVV95cUxOLUF6YzJoQ1gtY3U4MlNtVkl3U0k2WVFEbkh4QWhTUHVSbkJDRUROaDdUNzkxdlpoNkV3TlgxSW1FY1E2Wm1KMlM0QXhocVdTQkRHVGlFVzV0UkpiTVY4VkM0VjBWNzRGWW4wYnRHdE5IRENCNGdTTW8zcDFnNTlacktkNXpkOVRBZTVjSmlLN1FnUjZPYTZrcnZRa21pQnpxcGxPSjhUV3hUNzhhZl9XMTdhYXhDZWNrMDhsaXllTWp4VkU?oc=5&hl=en-US&gl=US&ceid=US:en,World Health Organization (WHO),-0.2732
Global economy responds to US presidential election and other economics news to read - The World Economic Forum,2024-11-08 08:00:00,https://news.google.com/rss/articles/CBMiiwFBVV95cUxNR0lzb2ZXODdqM3pIVDZ5SWZsNFBGdWZNc0tyeno2anduaHBVcDIwd3pjMklkX3NXQUtiTm1pQ0JnWkNoNXRFWlV4Y0pCQXFnWTFXOGF4TjVzdnMxUWR2Z2ZIREtaZnl1NjdDVkJtZ1ctMC1RTkxsM2ZZLUFDYnJobnlObWlDTEVBalAw?oc=5&hl=en-US&gl=US&ceid=US:en,The World Economic Forum,0.0
"Global cancer burden growing, amidst mounting need for services - World Health Organization (WHO)",2024-02-01 08:00:00,https://news.google.com/rss/articles/CBMipwFBVV95cUxQcVFzcUVoOTJLOHV1ck9XR3ZjdmV2a3A0RGJ2X0l2WC1TdzZVMnNsYWlUaVc5UkdjZmtXeUhNSC01cVRUZzluYlNXU0xpbHdNNzBYV1lZY181TEl4LTNYc3h5VWZiWDFKZ0ZZc2FNTEhSMVRjQnRGS0NKeVoyQkxvWXVkSUlBNlZfZENTZG1DbmZGQ2pYalN6QU04WGZTdldjNUhPWmpaUQ?oc=5&hl=en-US&gl=US&ceid=US:en,World Health Organization (WHO),-0.765
"For the first time, The Citadel is named overall #1 Regional University in the South by U.S. News & World Report - The Citadel Today",2024-09-24 07:00:00,https://news.google.com/rss/articles/CBMizwFBVV95cUxPYm1HZXdMSHYyRWVLUG44V1RjSVN1TXRuVzFLbkhuMTRlTUdjcGNNUGI0NlJYOGtVRFZKRy1UQ2NDdkE3OFJrYkVhejlvLXFnVFk1MnNreld5TFlUYzh0dEl2clkwa2pYSjBHQ1dfZHVucHRpZEZtc25lYnV3b3RkT2VyWXVMU3RJRjgyb3JwTFZvSzZOMUltenBHSEpVNHpZOHg5T1Fmd01VN1hkS3J3SEYtb1NuVmZJM3JxQ0U5TXRjaWladXVMLV9DTm9HNE0?oc=5&hl=en-US&gl=US&ceid=US:en,The Citadel Today,0.0
U of A makes major gains in latest US News ranking - University of Arizona News,2024-09-24 07:00:00,https://news.google.com/rss/articles/CBMifEFVX3lxTE5NOHRBOWNkQkx0NlluNGEzczRBbFVWZWIzaGtoUWYzb3U1MF92NmRGeFZmYXc1a0s0OHQxeXptcVk4cnVjV2x3WC04UGU2VFJqblUzX24zaldGLVdyeHlPT3JzeHc4OUJfNjJObE9Hazdkb2JJRDFIVi1pSGs?oc=5&hl=en-US&gl=US&ceid=US:en,University of Arizona News,0.34
Carleton moves up in U.S. News and World Report Best Colleges rankings – News - Carleton College,2024-09-24 07:00:00,https://news.google.com/rss/articles/CBMiogFBVV95cUxQakgtSkxkS2RZQ01zX2dsUDhtd1lURlYxYVZfVWJTcUw5THBreVRYaEJ6a0MzQW5Fbld2MG9IQTdpQXA1U2Zwd2FXTnc3MlFEYUNDTHBNdy1vVjBRVHpCVmM1QjJSdlBZSzQxSUVNbjZSMnp0SFdFLVpDeVQwYU1XTVdjaXUwc2FSclZQWEktRVVHSldtUVJzQjFERmpkUjhOcnc?oc=5&hl=en-US&gl=US&ceid=US:en,Carleton College,0.6369
‘We need to be ready for a new world’: scientists globally react to Trump election win - Nature,2024-11-06 08:00:00,https://news.google.com/rss/articles/CBMiX0FVX3lxTE1VVV9LeU9xdzc4TXE0bDkzQWtyRExpbzNPckdiOTNwUkw2ZDYzTU5uelRubjczWXBrN1lKYWVpT2QtRC1IaWlfWWphZEZENUZNWDlsZm4yaGtIMldZZlRz?oc=5&hl=en-US&gl=US&ceid=US:en,Nature,0.743
Trump guilty makes news headlines around the world - NBC News,2024-05-31 07:00:00,https://news.google.com/rss/articles/CBMimAFBVV95cUxNQzN4MDMtaFlJa0ZucnUzSnFqYkJKekxLTnVhZXlLNW9sMUM2cnZUd2ZVa0g5RTcwbVpRYm9IMFFodVlGUmlTV2hBTTlGTjNma0J4dk96Y1Z5ZVkyVGk3Ny1icFlzQmttMktteDVYNktBZjJObzRpT1hRQnhfanJFcjNLOWY1VXdwWS1lSGxIcnBHaHlCd2hLdtIBZkFVX3lxTE5UNnBjOThHN0xnRjQ2ZE5OLS1NZnpqcWxUTEstWFh2Mk9jZkxxY1pDQ09BLTVRTWxuWm5GNnZVazhQdmdqeDM0WnlYYS1SM3Y0WVRCUnJWR0hPLVU1T1RGUEp6WTdqdw?oc=5&hl=en-US&gl=US&ceid=US:en,NBC News,-0.4215
Mental health at work - World Health Organization (WHO),2024-09-02 07:00:00,https://news.google.com/rss/articles/CBMiekFVX3lxTFBVWHhvaHJPZVMxUDN4NExHdHptZElnaV9xOENsUGlhX0sxc1pwUUtpcmpTamFuN1BwRFhwNGFCdnlkVWRWQmxCYjMzR19LemdLeG9xNmNIdjJzemcydVBnakpDQ2htcXZpd3B4MmlUY0RXekk1MnU0bUd3?oc=5&hl=en-US&gl=US&ceid=US:en,World Health Organization (WHO),0.0
Ambassador Linda Thomas-Greenfield’s Interview with Sumi Somaskanda of BBC World News - United States Mission to the United Nations (.gov),2024-07-10 07:00:00,https://news.google.com/rss/articles/CBMitAFBVV95cUxPTzE3UW0xb3NXb1RNMV9JUDBBVHMycVpjTXJRTVBfalVaY0RwSWI4bG4wQ1dfSWxMNnVXUnJSRjdoN1QtaUVhX2lOZWxTdldxZGh0LTg1THpFWjN3d09OQ2oxa1l6N0oxbGtwYTJkYjltbFRLNnRSWG55LUNlNHNyZTRVM2JGRUxRUDcxQWlVZlFJVjdON2RtZzhkaGhWSjBTam5vVTBWMS1LLU5BblF1RV9sNVA?oc=5&hl=en-US&gl=US&ceid=US:en,United States Mission to the United Nations (.gov),0.6808
SU Rises in 2025 'U.S. News & World Report' Rankings - Salisbury University,2024-09-24 07:00:00,https://news.google.com/rss/articles/CBMimwFBVV95cUxNSXYySHBtaU1KbjdPZHZVSUF3MFdUYVhWb3NGZmZHS0tQYXJDaHNqWHVxT193OUhpMDE5VXV5bXh0REdzSVZaN2ZqZmMxdnFYT3lwVTFuZi0zemZjTnJ6SlVUbmV0aVo4eko4N3J5RnZQS1U5c1pfMldkaWtMWkE3WUNublNhZG5yT3A4dTMzbmpBZWh4N0JtdnZURQ?oc=5&hl=en-US&gl=US&ceid=US:en,Salisbury University,0.0
RIT climbs to No. 91 nationally in ‘U.S. News’ best colleges ranking - Rochester Institute of Technology,2024-09-24 07:00:00,https://news.google.com/rss/articles/CBMiigFBVV95cUxQTWVZUmRYOERCQmlDRUlSM3h0dDNkRkM0dlBpcXN6OGxxeHRTbTRHMDNUWkd0cEZqNzg1UmQ3ZWV1TWZfRTdjNmR3dkZIT0hSZF9ZWVVST3R3TVZyd2lnTzhwdUVFTlJoU1dUblpMV2t5S2doM3J1SjRON3FrV2Z2cEJzYktXc0NSOWc?oc=5&hl=en-US&gl=US&ceid=US:en,Rochester Institute of Technology,0.4588
"World News in Brief: Haiti gang massacre, Taliban crackdown continues, Ukraine’s civilian death toll rises - Department of Political and Peacebuilding Affairs",2024-12-09 08:00:00,https://news.google.com/rss/articles/CBMivwFBVV95cUxOTGlSeVdwNmZ5bnE2M2phWjVqY3ZfaWU0SVpSdkkxR0JsRzFXdjlDak9wQkJRRlFEVFhzdWRRSml6M0FsRFp1QjZkM0dTZU1GWExITWNDU2hNTHEtMEZLSDVXQjYwaEJkQVNFNTNtam9QVVhrZnJWNXFoRUhqVFU4ZnlvcldqeC1WV1lnZjVSMTB5ZjIzVjZJM2p0endmbnBjMmU1N3ZrRGs0UXl4bDRqSFcwT1ptNkxNTllQRlJBZw?oc=5&hl=en-US&gl=US&ceid=US:en,Department of Political and Peacebuilding Affairs,-0.5994
Ambassador Robert Wood’s Interview with NHK World News - United States Mission to the United Nations (.gov),2024-06-12 07:00:00,https://news.google.com/rss/articles/CBMiiAFBVV95cUxQOW0yZldnRFY5ZjhMVjc2X2xOY3RXQ05nU053OGJoT0JnWEtGVHJIVzJYUDF2RzZoN0c5R2xaZG0yVmZkU1BRNzdDVWNGdWUwTUU2U0dCTWxnSkxiYzNOVy1ZQ0NZR2VjX0daR3ptVkVnc2FJV0pETXJjbFRCQ2R2TmFieXB1b2lZ?oc=5&hl=en-US&gl=US&ceid=US:en,United States Mission to the United Nations (.gov),0.6808
"World News in Brief: Attacks on civilians in DR Congo, concern over conviction of trade union leader in Cambodia, gang violence in Haiti - UN News",2024-05-03 07:00:00,https://news.google.com/rss/articles/CBMiV0FVX3lxTFBiT2gzTXUzblJZUElzZzl3OWhCWXBHRGZIT1NiSXkwTGlLbHFaTUcyR3YxRk5wdVc2YWlrVWxnVExJdE45THdNbXR5ZkZRWENaX3Y5Q3VOWQ?oc=5&hl=en-US&gl=US&ceid=US:en,UN News,-0.7906
"U.S. News and World Report Ranks Carnegie Mellon University No. 1 in 5 Categories, 21st Among National Universities - Carnegie Mellon University",2024-09-24 07:00:00,https://news.google.com/rss/articles/CBMi6wFBVV95cUxPU25nb1hwQUloaVc5YlZEQzhPcHNLYnNDNFYtbnFZb1A4V040a2ZBQ2hiVzgxVF9laEYzZkNsdHpuNm9BRExVdkxWelpISkM3U0VZdWdJTm5fSXdROG95TDlXQldqZGFmVm9ybWIyeHR5LXItQVh0OTVtN3VRdGZqMzluMl9tS0hRMHA2MFpmRmY1OXR4UzJ4Nnk3bGMxeUY1R0lZbG1fV3hzZU9vVFVhTkxkVkwxNElReEdDTklrdXhJMzZNWFFsN2paQW01SGwyeTZqV0o5RFlQNGFfODFtVjVfS3dDSEstMTF3?oc=5&hl=en-US&gl=US&ceid=US:en,Carnegie Mellon University,-0.296
A&T Accelerates in U.S. News & World Report's “Best Colleges 2025” - North Carolina Agricultural and Technical State University,2024-09-24 07:00:00,https://news.google.com/rss/articles/CBMiZ0FVX3lxTE9kREJsZ3V5NHRpeHZrdi1fQkxOQnU4SnVmaGZ2OTN1T01qVi1Wc2R2RFR6ZTgyQ3ZlTVVpY18wY1JoNGlXanFKZkhub0poYU1zYU5Bb3RKQi12aXBiaTh0cXNJUUEwSFk?oc=5&hl=en-US&gl=US&ceid=US:en,North Carolina Agricultural and Technical State University,0.0
LIVE: Human Rights Day around the world - UN News,2024-12-10 08:00:00,https://news.google.com/rss/articles/CBMiV0FVX3lxTFB6WWZWVVpqdjAyUkdaS3FLT2xIWml3TUdPanJPVTNCT0xEUWJiNmlDVnNiSTZNWVUxaDhEZVdNdDBiNjMtaFZzbXhOV3lrZVJKc20zYjlRdw?oc=5&hl=en-US&gl=US&ceid=US:en,UN News,0.0
"ABC News Elevates Chris Dinan to Executive Producer, ‘World News Tonight’ - Variety",2024-10-21 07:00:00,https://news.google.com/rss/articles/CBMipgFBVV95cUxQeDN1T0VfeEphX3RuVmc3d19iSTY5S05aX1FVX0xqYTNXVXlKcDd1b1pla1p2S1lXQkxicUNiUnd4Qkw2QkdnYm1iZmZ0TldId3JYVGNjNEM1Z3JGeC16emtsTzJtQUVMV0xmX2N1WDcwV0ZDb01XUl9LNWdKWGZjc2xseGhsQUVlUTBXY2Fwb0paZkQ0RzdvdkYxYkJjSC1oQVhZRWtn?oc=5&hl=en-US&gl=US&ceid=US:en,Variety,0.0
Aeternum Update 1.1.1 - newworld.com,2024-10-24 07:00:00,https://news.google.com/rss/articles/CBMiaEFVX3lxTE5yVWlveDZpdWt6ZXRSZXlwbjBxejhnOXBFSU5EUUdtVjN1dmk1RG02dzNPc1RSZzctWV9vYVNOcDRnTUFMRGZEVS1FZjZCeHZHUFhEbjQ2LTR1RVltSDdBUTR4dkZheDdy?oc=5&hl=en-US&gl=US&ceid=US:en,newworld.com,0.0
"The #1 Most-Watched Program on All of U.S. Television Is ‘World News Tonight With David Muir,’ and the Newscast Is #1 on All of Broadcast and Cable in All Demos – Total Viewers, Adults 25–54 and Adults 18–49 - dgepress.com",2024-03-26 07:00:00,https://news.google.com/rss/articles/CBMiuwJBVV95cUxOdGtBWXpWd01vcTktWUpkWmZtbU85U19sVGZMNXlQOE4yc0ZsOFFDVUNxcUVTUm5seEFfVWJxOXZWSkdIaUkyU3F3cVRKYnE4d2lFSnNLQW1uS2ZOOEttd3dic0NsVzR3TG5KbDdBWURKSnh6VktRVzNoUDVudVU1RFVzNUVINmU2MWVQYlM2UVFuMjJ1RENyVElkWFlsOGtVcGdxWnFVcnhaalhsYXhXMXNTYjVHQlJncFNYMXFDcnNIdHpvLXJwZXM3aTdSbUJTeDhIalR5SGpYbzNkREgwRW8zM1ZucjN0NC1PNGZNbmdnZ2lRMkFWN3RSNHliQl9nVHNHdUNJN1VsdnhtYTdLREp6cXQwUjQ1Zk11c0R4NnY1MjNRY3d5UXh3X0ltSFFacEVFVllrcVVqcEU?oc=5&hl=en-US&gl=US&ceid=US:en,dgepress.com,0.0
University of Minnesota continues its outstanding performance in the 2025 U.S. News & World Report Best Colleges rankings - University of Minnesota Twin Cities,2024-09-24 07:00:00,https://news.google.com/rss/articles/CBMiwgFBVV95cUxQdUlibXJxaHhIcEE2RjZSWFIyMENUcUhLbE83TTJVZnhlT1QzNm12SWFzQ0F6RXRhd29vQTZ0VHJBUUZCQzB2MnJ0ZVRUSGFkcWZNNHFHWHJWemdNcE16OW5nakktemlVSkFhM2FxSzRQZ1c3bnRRVDBJX3dMbWpmb2doUEZ3YWY3UHpYcGVhamVEREhVa0ZFTl9LY291Nk04a2NyU0pnVDVEVFNaNC1RbU02Y3FCVldVYlBkWF9Da2o3UQ?oc=5&hl=en-US&gl=US&ceid=US:en,University of Minnesota Twin Cities,0.8481
Mexico Notifies United States of New World Screwworm Detection - aphis.usda.gov,2024-11-22 08:00:00,https://news.google.com/rss/articles/CBMisgFBVV95cUxOeGVycjg2YmFkTUNwY2pja3psU2x4QjY5MGs4REZ2aHhXZ1MtcTdJQ1VIRGxDT1VTNHpocUVPc3gzb1ZyOXJLTm1IMlMteW92QVNpOTU2V2NUc1NWYkRHTkZ0d2dUODBlVTQ3NFM1N3lMbWowdnhwWkpnem1MYTBSU0steVFyREZHOFN4em5HVVktYjZCcmtHT0J0TUtha2RLTVo3N2pWSDNyejJtcnhKNnFn?oc=5&hl=en-US&gl=US&ceid=US:en,aphis.usda.gov,0.34
"Private space exploration firms achieve new milestones, and other technology news you need to know - The World Economic Forum",2024-06-13 07:00:00,https://news.google.com/rss/articles/CBMijwFBVV95cUxNT2lGa0RyLXhZSklQNnNwd0lDeG10UHFqSjBYU3pwUjBybUJ4eldGZm5YUXVidXNGLWlxaXZUblRQVHlNR05EN3JVTVR4M1g4OUlSR0g1aF9pbUxzY2h6X0JSeVNESW1TV2txNU11WGVXSlVNaHFrQ0FncWtzX1hIcExGNEFYdnpzR3dQNHJ4VQ?oc=5&hl=en-US&gl=US&ceid=US:en,The World Economic Forum,0.2263
"World News in Brief: Gaza medical challenge, justice for Africa, rising violence in Myanmar - UN News",2024-12-12 08:00:00,https://news.google.com/rss/articles/CBMiV0FVX3lxTE10OG1OZUNCZlByS05icVdLaWVCNUF4dHVnQUdCX1llUXU0NWtleV9UN2JVXzFBSFFPRUdDTnA4T0tORDVxamJkSDZZSlZtZTVyc1V0NE1Kcw?oc=5&hl=en-US&gl=US&ceid=US:en,UN News,-0.1027
FIU soars to Top 50 in U.S. News public university rankings | FIU News - Florida International University - FIU News,2024-09-24 07:00:00,https://news.google.com/rss/articles/CBMijAFBVV95cUxQNGpOLV9PeFBtMFE3RF9WbjBlQjV4NjlYQTZTbmhUZzg4NzRjN24yallNMTU1ZkZ2dXRScnRocVVfRlozeVpXTTZUZU9uWXZHUG91dkNhUjZyYzUxbmMzNlZPcndkVExmN2VOOVVZYzJVQ0JnMWx0UUhSV1V3SjJUNGQwSmhqSzZLZmNXbg?oc=5&hl=en-US&gl=US&ceid=US:en,FIU News,0.2023
International leaders prepare for a world with Trump leading U.S. - PBS,2024-11-08 08:00:00,https://news.google.com/rss/articles/CBMioAFBVV95cUxPX2FnU3o5eW9lVlA4WkUtTVZNRkozNjloLVgxZVFfZHJQSTM5TGJSdkJkY2tYckxlUXVUeFFDYmpIeWxCanI1MV9JM2VmNkZ4a1pVYVFaZVFUa3BYbzZBZjhHajB6V3hlTDRtWVZFTHFYUjRVVFRRY2s0Uk9ZNnhrOTQycENSNzRaMmpfTnU5SUhLX0paQUpyYWxVelNwZFh0?oc=5&hl=en-US&gl=US&ceid=US:en,PBS,0.0
"Despite its impressive output, generative AI doesn’t have a coherent understanding of the world - MIT News",2024-11-05 08:00:00,https://news.google.com/rss/articles/CBMihgFBVV95cUxPcXB1ZjJIN1VFOVJodWdwMHZqellYR2VkcVpuQVpTSTdvVkxaX3FScnpkQ0pkUXh1TU1VQjljdklQSXduZUhMZjc2eWFRWF9sNDlRbkxMR3FWQVE3QVZUWm4wVHljRkFhTFJ5bHFRS1hwZTliMEhNaDhEQVV6Z1dzUW5tTWdhZw?oc=5&hl=en-US&gl=US&ceid=US:en,MIT News,-0.4023
SSM Health Cardinal Glennon Children’s Hospital Ranked as a Best Children’s Hospital for 11th year in a row by US News & World Report - SSM Health,2024-10-08 12:40:38,https://news.google.com/rss/articles/CBMi_gFBVV95cUxPMmo3WmJ1N056bk1tTFFEZVE3cldSOXN4amh3SEF6S2dJZC1JYlp0RmtLS3lNUHdjN3l4bUUyNFBQaXZIakxUVF83RUNlT19LakxCTEFUVVZOTFh2dGI0UzVUMWxGaFk4dlB5ZHFMNkRoRG1lOFg3SjU2a0RzM0wxVktqazlNSElwWHBJczRFTF9BTGhzWXV2TXJWem05UENTLTVIQ0IycDRsOGZGa2s0UjJJcmUzNDM0dWFBYmltOFBObDFjS2g1eGJJSEhWYnZWOXd6TThKSHZRdnhraXJlcUZyam8tZ1FINXhySFdGNEwxeHZUYVFCVUhkZ2hVQQ?oc=5&hl=en-US&gl=US&ceid=US:en,SSM Health,0.6369
Why the world needs a UN global tax convention - UN News,2024-08-16 07:00:00,https://news.google.com/rss/articles/CBMiV0FVX3lxTE0tMlF6RHY4QVhmS3dETXk3d0xlVmpnN2c2ZVBfa1ZHOVRKSzNSdWRYS1EweWdRRld4b3JvbXZLOXN5S1FMSVRlaFJ4a1NLSEx0RXNWdEc0MA?oc=5&hl=en-US&gl=US&ceid=US:en,UN News,0.0
"World News in Brief: ‘Gender apartheid’ in Afghanistan, DR Congo rights abuses, reforestation crucial to climate fight - UN News",2024-06-10 07:00:00,https://news.google.com/rss/articles/CBMiV0FVX3lxTFB0N1c1R1ZBaGNvRFMzT0NsNGJwOV9TdkhhZGtXcjRjamNhb3ZjRllpNXp2YzVubEtKdkRpYmx5UEpoWUo0bnljY2tENXBhMEdESnRudFVuSQ?oc=5&hl=en-US&gl=US&ceid=US:en,UN News,-0.7351
Could today’s global conflicts bring World War III closer? - Al Jazeera,2024-02-01 08:00:00,https://news.google.com/rss/articles/CBMisgFBVV95cUxNUk5aOXRJeURsSmFTUmdjSjdsaE5PNUd6dW9ieXRxTG5SU0YtVGFMeHJfdUJBd2RpRGFEQnlVa2JHZ0ZpSWkxeE9fTDN1UU1XU1QzaFVoR180ZU1QazRjNzFXUE1qNVdxNm83VGxvRXJvZ28wVFowenczdWtab093TnVqaV9Md2pEUGlSZFh0cm95RVVNWThma1l1Q3RNQ25CeUZIR3JDM1Bic1lDT2lneVR30gG3AUFVX3lxTE02OGMtNU9tRk1BM1ZVNmhXTHN3NE5zeGxCY3pUanBJbWVEbmZMV3VmeGEybU9ZZ3BRWmhBcEdkdGwwTzl5VjNQSVBRdVI1VlEyUHZDSHdId0hYbTh6T285VEQtTjIzVVZIUWR0WTJFOGlsaVZYdElqb0VUcFlKTDMxSnNDSlJmRzZfTnYtcUMwRUtoanpUdExsSF9xekhfcHpuWnRwT2JrdlJ2OElmVENLUFR6TDlXQQ?oc=5&hl=en-US&gl=US&ceid=US:en,Al Jazeera,-0.7579
"La Niña may develop, but it is likely to be weak and short-lived - World Meteorological Organization WMO",2024-12-11 08:00:00,https://news.google.com/rss/articles/CBMikAFBVV95cUxQY2lCbnNCNWlrbTNwcS1DZjIzb05GZ1FqN2xjbDY3TXlKWHVrWVhObkZEdjhZVTdpanI0QUw3Z2ZybUsyQXdHNDRNOEdNczlsM1F4WjhELTlqM3VDbFY5bnRZMUZDYjlVNXNXMnpVdFVFUVRrMDJYc0h3RXVsWWQycmRfMlAzdzJyY3luTEFDMU8?oc=5&hl=en-US&gl=US&ceid=US:en,World Meteorological Organization WMO,-0.5927
U.S. Commander in Europe Says Russia Is a 'Chronic Threat' to World - U.S. Department of Defense (.gov),2024-04-10 07:00:00,https://news.google.com/rss/articles/CBMiygFBVV95cUxOTmZzajB5dlNlSThxTXM2cnJTZkZvSVR1UDJSdm13RTNPUlp5VjFSSGxQcEVINXR2M3labmgyTDBZRmJtTVBRZXhYY0xqM0N3Ymlzd011cElDczJzQWhkZFRhUjlFdk9sNzVPRTJZTEsxSGMtcTRkTFR0ZjRWZ0JGUWxtLUZNRUg4UFdRWGFJNGxDeXJLQXlwUmFHMlJfaENDbGQ5aE1sNi10cEhERjR5NjAyUURxTUJhWWtVTjJOOWNKV2pMQmNxQWp3?oc=5&hl=en-US&gl=US&ceid=US:en,U.S. Department of Defense (.gov),-0.4404
World Magnetic Model 2025 Released - National Centers for Environmental Information (NCEI) (.gov),2024-12-17 08:00:00,https://news.google.com/rss/articles/CBMic0FVX3lxTE55bmtyVThJZm5haUVjTktLamo4UHVTcTFTSkZ2T0VDRFBib2xpZmNXZ1hsMWhrRWZadnpnQWxLVTRLenFCdFJkeUo2NkRtVFQ0cmR4VnFqNnRJNEw4SW5ObzhLeUFlMWVNZmZVenZvSEViYTQ?oc=5&hl=en-US&gl=US&ceid=US:en,National Centers for Environmental Information (NCEI) (.gov),0.0
Consumer Reports CEO Advises How to Navigate Digital World - Stockton University,2024-10-30 07:00:00,https://news.google.com/rss/articles/CBMiZ0FVX3lxTE1KQm9vWGNCUnZZNE9RX3VHRnhWaDNQS2ZlQVRmQlBJVkU0NWxjd1R2bXU2bkttbG1NdXozWmtUcWZQTndhQjh2aHNmdVE1UEJBbTlIaHJ3bldFRE9SY0RMUjRvTXF6VHM?oc=5&hl=en-US&gl=US&ceid=US:en,Stockton University,0.0
"World News in Brief: Death toll rises in Darfur, Cyclone Chido latest, São Tomé and Príncipe takes development step - UN News",2024-12-16 08:00:00,https://news.google.com/rss/articles/CBMiV0FVX3lxTE4tQ2VzZ0k1LVVHVG1MeWI2WGxqNWtUVjhEY0pfM1FfbXFOSGlKeDRScWtLQTFHOEtrVUd3ek5qWDY5OVVYbUtQT3cyV0VmTjRuV2NqemxISQ?oc=5&hl=en-US&gl=US&ceid=US:en,UN News,-0.5994
Montevallo Earns High Placement in U.S. News & World Report 2025 Best Colleges Rankings - University of Montevallo,2024-09-24 07:00:00,https://news.google.com/rss/articles/CBMisgFBVV95cUxOS3ZINVlJRXE5TW1zVmxSMHFmT3hLS3F3R1BWS1dJSWRSUUlDd1BvMTFZSm9TNnVCbmJSQjBzaEhKeFk0c29JMUpIYjRPak4weXZDVXJCTDdFbVMzeVF2UkJacWV1QmFVdF9NS0Z0elhDcTZPeUdqT3ZYbHZHN3pkS0t5VXd3aUQxVWtRWkMzbzBCQXhrUVd3OWx3dEJqYVl5ZzlhMjhfTUkzZzhkMzNzd3Z3?oc=5&hl=en-US&gl=US&ceid=US:en,University of Montevallo,0.6369
World reacts to 2024 presidential election results - ABC News,2024-11-06 08:00:00,https://news.google.com/rss/articles/CBMipgFBVV95cUxOWUs1alFLYkdMYkNfTWoyQjhxNllhUnMtVmtNdWRmTnBGLUlMUjlPLVBXYmVjMF9FOTYycFRWdkJiWVZtZGlTZmNOblJGQ3BONm95UW5VbWtrVXptUGl1aFhIMk5VWGRXcEJUdk15ejJhUndjWTlUOWV1SllmUzF1UE4zWFl5NHdoSVdKSDN1bWc5eURsN3U5MzlSVHFkTVlRakJXU2dB0gGrAUFVX3lxTFBBdUMybDZUY01MclZ4VzBuQ3FfRWh0eVhsaGhIaEFFWWFvWTd2SWthUF9DMjRuc0lrVkdJVmlYY2FaMVdLSjUtd09WQkVPeDhvbHRwRDl6THFiM05hel83eFdXY1FHQkNBTU13U3RxOUpZYUpOSS1qRTR1UDFSa29qU0Z3ZVowMDBwbE9hMXd4RlJZVGxMSXRTNUdOWlFhUnJNR3V2MDg0ZHo4RQ?oc=5&hl=en-US&gl=US&ceid=US:en,ABC News,0.0
U.S. News and World Report Ranks UH Graduate Programs Among Nation’s Best in 2024 - University of Houston,2024-04-09 07:00:00,https://news.google.com/rss/articles/CBMijwFBVV95cUxOMHFNc0dHeGJ6OVYzbTFVRTZEMDVpaUMwcnk1cTlBM3l5d0JTdC1jMTNGaUdPMV9JWlZKS3E4TGlmYnUwSllkbTRlNXZmZHpzbjRvWU9DaUhQN2lKSHlNU1VpZ1YxbEwxdm5lR3c2QVpSS2lwQmFxTGE2UVZrUEVxcTU2b3lhdE9JLXVUU1J4Yw?oc=5&hl=en-US&gl=US&ceid=US:en,University of Houston,0.6369
U.S. News and World Report Ranks Dolan Among the Top - Fairfield University,2024-12-11 08:00:00,https://news.google.com/rss/articles/CBMiiwFBVV95cUxOVnI1T0NSeFdJb2hVR2lvUVppUFNXMnM1UlIxWm5MbFBaUElHbTVubnY0QTZTTHZqNXlJX1VtdnNBY09pdWc0enJPczRMV19yTXFPd0JhcWJtQXJ0TTM4Y3JFYXlXOXF5LW9EQU5WeXlZamdkeVNMR0pCUzNaejFleE9MdUhaRlNZMkZJ?oc=5&hl=en-US&gl=US&ceid=US:en,Fairfield University,0.2023
"World News in Brief: Hunger grows in Haiti, Gaza aid blocked, World Potato Day | UN News - UN News",2024-05-30 07:00:00,https://news.google.com/rss/articles/CBMiV0FVX3lxTE1YaHhieEtmOUFrcEZIRHpxMC1xaF9lZUY2UHlrYnNTcHhNTFN3ZWgtN1ZmNEV1MkpDQVkzRl81MUlBQXFiMEsydEFtanBQYXFRNk5lRXZidw?oc=5&hl=en-US&gl=US&ceid=US:en,UN News,-0.4767
"‘WORLD NEWS TONIGHT WITH DAVID MUIR’ IS THE #1 NEWSCAST ACROSS ALL OF BROADCAST AND CABLE IN TOTAL VIEWERS, ADULTS 25-54 AND ADULTS 18-49, OUTDELIVERING NBC BY 1.5 MILLION VIEWERS AND CBS BY 3.2 MILLION VIE - dgepress.com",2024-12-17 08:00:00,https://news.google.com/rss/articles/CBMiyAJBVV95cUxPZF9GeF9zb2FNTXFDYWcyV0puUGg2YzVrTmpfVDFvTXNSYlZ6bDFtdDJRTHBnanlnbHJ2SlY3RnhZYkZMblVLZUE1MnJ0UjRnUzZoOV9oeTNZdUhPSlpFQzlJd2ZxRVhiZG45b3N2NXA2SWI0bkhaSk8tbnFzdjFqUzFvSUh2MTEwVjF3Vld6YnVKTHZId0UzYVpDM2xYc2IyaHhoX1R2YWRLdHI5MlRMTzBWdjQ4bmEwRXRDd1FHZEZDVzdPZ1lwandQNThTaFQ4WjlydDBqLVZhd0V1M3gwb08yNWhTR3JqdmpSSmhyVWZvWjhjcDZqSXhVSnJjYlZMWk9ETlBSNFVwQnFBR2tCWnFoZWk1eWNndkhUbGgzb1JJdG9ZYi1ZQUN3ZDJBU3NDR0dWOEI2aGpzUzdRRUMwdE1WYmNZQnNV?oc=5&hl=en-US&gl=US&ceid=US:en,dgepress.com,0.0
"World News in Brief: Aid challenges in Syria, human rights in Iran, elections in South Sudan - Department of Political and Peacebuilding Affairs",2024-11-27 08:00:00,https://news.google.com/rss/articles/CBMiogFBVV95cUxNay03ckRacWREcWp2d2l5SGUtdHdCNlNkSjNvbHhpaXFOZTkxX2R2a3BiM2dKcmNieDJVRzlnMzYxOG5UVTJHa1UwWGY4N0JkWE56ZS1aSFI0aUlzejNPLTVabm9SMjhLZ3AzZjE1RzBraU1BYTQzMlhTSWRIdU14c1RHRUFpUV9VVTV3amptY3F4OXI2WDlzXzlhZDl4dDl2S2c?oc=5&hl=en-US&gl=US&ceid=US:en,Department of Political and Peacebuilding Affairs,0.0772
"World News in Brief: Lebanon latest, Ukraine war update, anti-LGBT law change in Bulgaria - Department of Political and Peacebuilding Affairs",2024-08-16 07:00:00,https://news.google.com/rss/articles/CBMipgFBVV95cUxPSG9KTEUtQjBwb1o5bTlYN2pjZ2N3LXJyLTl4TDQ3LVBPY21PdUFuSGJjU1NENGRUa3BUdlAwZ2dFcEVKS2FLUlVNV2E1ZlRGdlc4WWpSY2Z2SzExdDJzdlpkVnA0T0ZESF94NzBHMi1EbTNpUUktc2t3elhOWmxwd05TaVFxMUZQdnlpMGZDc2ttT2x3aUp4T1NKMW5IVUlmQUVqYXR3?oc=5&hl=en-US&gl=US&ceid=US:en,Department of Political and Peacebuilding Affairs,-0.5994
Humanitarian pauses vital for critical polio vaccination campaign in the Gaza Strip - World Health Organization (WHO),2024-08-16 07:00:00,https://news.google.com/rss/articles/CBMiwgFBVV95cUxNamZ6T1BPNWdsNmNHMU5CVGlTYmdXcmVhSEg0Ny1vS1kyMEo0X3VqcVp3OW9JX0dFOG55SEdMS29vWFNzRlJ0WlMyazhOTW5pT01PRDZGdV92a2xYWHEzcFNkUWxrdEdRelBSa1VKd3dRWVU3ZkxINURvU2EyZUdNNmZ1TW9LVS1CemVCS3NlREVxRl9xd1R6blZhNm1Cbng1ZlZMS0pleVJvM1VXOHZwVExQVjQxWU5uYk9lUWU0aDFyUQ?oc=5&hl=en-US&gl=US&ceid=US:en,World Health Organization (WHO),-0.0258
Europe returns to space with successful rocket launch – plus other technology news you need to know - The World Economic Forum,2024-07-18 07:00:00,https://news.google.com/rss/articles/CBMijgFBVV95cUxNWXJjcUdvQUN2XzVndkttYkZEeE44eDZSazBLekxOc09IcjNGNHZmVmNmUndSYjd4dlg5VVJVdjgxZGpJRkp0N3BnUjZPVS1TaTE3YjZZY05BeUpKNGxVcmxJOVg5MXV3MTRHNzRHcmR3YndWSDc3RDZsemNiaHNWTzdHdU5LVVRqbHpEV0Fn?oc=5&hl=en-US&gl=US&ceid=US:en,The World Economic Forum,0.5859
One in eight people are now living with obesity - World Health Organization (WHO),2024-03-01 08:00:00,https://news.google.com/rss/articles/CBMikgFBVV95cUxPWUxvWWNyZURJWGQwcjNKMHFZajBWNXpSRU1rZmJKeE1ITWd0VThKc21DOERQSk1ycDU1QlBVQ2NuRHRTdWxZVW4tNVJtS3lOeXlJNUJjZHhEWVY5b1hDb083V2ZqbThDa1B0Ty1ac19PQkM5OXQ2SF94N3AzRm9aVGQybVozWEtNVXI4WS14RWpwQQ?oc=5&hl=en-US&gl=US&ceid=US:en,World Health Organization (WHO),0.0
ExxonMobil adds Air Liquide to world’s largest low-carbon hydrogen project - Exxon Mobil Corporation | ExxonMobil,2024-06-24 07:00:00,https://news.google.com/rss/articles/CBMi0AFBVV95cUxPVk1JOURXTWt0bjFMU3MzdEtad3hXNmtoZnRQRnNrLUxBUkVyN2twdDZNRENQLXFfelhPS1VJVmVBU2ZEOGtSR0FtaHBvOWZIcldJdnhvaHZQYm4wbm53T0lUYXpUZ2FlOEpLckRIOG5zMUtVNGgyUlczWkhiYXZEaF81UW56eWdjYU5qS1l6Wnc2ZG1PUWRqN1BHbkJFN1hzNC01Mk9OaFZTZF9IYWdZSnQyOFJ2YnMyd0dva2RpMTVhd1hVdWJibnlXeUpVT3VH?oc=5&hl=en-US&gl=US&ceid=US:en,Exxon Mobil Corporation | ExxonMobil,0.0
El Niño and climate change impacts slam Latin America and Caribbean in 2023 - World Meteorological Organization WMO,2024-05-08 07:00:00,https://news.google.com/rss/articles/CBMiqgFBVV95cUxNZjlXbjFRVEtyWWgxMWp2alplNVh3N2Z4OWVSeWtVU3gxRC1CSDBUbUJMWUV6NnZqT1lLcXljUUQ4em54RFR2SE82X3pTZl9DODdZdDhFN1dqSkdnTi1JUWdxODJBWmZUVkRzRGVjbkFSV0JJVTNVdG9OX0tGd3hsUWxYQmpVVVNSRlc5Q1dYeUV3Q0MyZVVLVWl0UTZIRUZHaG1BTFdSeGJSUQ?oc=5&hl=en-US&gl=US&ceid=US:en,World Meteorological Organization WMO,-0.3818
Boosting digital health can help prevent millions of deaths from noncommunicable diseases - World Health Organization (WHO),2024-09-23 07:00:00,https://news.google.com/rss/articles/CBMiygFBVV95cUxOVWZvUnhSQllGV0hNcVZvbEFyMmJ1eXUwVy0xYjZibmRNRGcweHZNbWZrM3VrMTZWQ1NfcE9sdkFJOThvZ01VMUNQam1WbHhMZmMwZWpRZnI4c21QTVpBbW5pSnJGWF9xXzR2TUlaTGdhbkZsLVdMMGFvQ2J5YXVoaThuLUdyVmozR19EWlo5UGZMMVlsRXNFYzRkenVXQ2N1bXV5YzA0SWZSS1RoVjlMdWVaUTdOTUVWX0s1eEhwWkFZQTVWUnVHbGF3?oc=5&hl=en-US&gl=US&ceid=US:en,World Health Organization (WHO),0.6369
UN General Assembly High-Level Meeting on antimicrobial resistance 2024 - World Health Organization (WHO),2024-09-26 07:00:00,https://news.google.com/rss/articles/CBMi2wFBVV95cUxOSFF6clNNUExmbDFYaVNLZTQ3MVJoeGFOYUczNHZSZEg3S2ZkUkdSQnFuLUpGajc5ajJjVUEzQnlxaTA0NWtzWG1KOVR5ajJma291V2wtdFJhY1FGMklhX241Y0htdEpnRHNDb3N6N0hKZl9zeWZRYzU2djZ4VXpSQlItMU1TajZHZEg2ZDZ2bDFOZmVrVDc1VWViSkN4VFpPX0ZKYU5EaHZsNFNZZ19teGNuZENDUmwzT09mTVdhcndrb2NjWGhPVWNEckxPNVRYWDBvcVBDWGxoQUk?oc=5&hl=en-US&gl=US&ceid=US:en,World Health Organization (WHO),0.0
Trump will not give a penny to Ukraine - Hungary PM Orban - BBC,2024-03-11 07:00:00,https://news.google.com/rss/articles/CBMiWkFVX3lxTE9SbVdzOG5RT1Q4VTNnOHNfU3FLMkNiVldmZExMTFBNWWNpZnhxcW1Zb3VoMG1uVFlOcG94QnlyTm1kY2dydG0yanRzVk0wN3Mtdm1fTEdlb0lPd9IBX0FVX3lxTE1oVXFiVEhMUC1EYW5wRnNtT0RNdFJnSXRaMlI1eXJyTzg4eUdhdVFYRnVFbi1FMURFNk1VZ3Q4V1pXWi1TU29tZGJaRHpXb3Q0ajgwczNwSTRSbjUwMkxV?oc=5&hl=en-US&gl=US&ceid=US:en,BBC,0.0
